{
    "doc_count": 4,
    "indices": [
        [
            19,
            31,
            823,
            3612,
            9136,
            11062,
            12667,
            12676
        ],
        [
            1341,
            3612,
            6365,
            7174,
            10349,
            12667,
            12676,
            17058,
            19350
        ],
        [
            1621,
            3409,
            3612,
            7395,
            8688,
            11467,
            12667,
            12676
        ],
        [
            3612,
            4006,
            12667,
            12676,
            16621
        ]
    ],
    "values": [
        [
            0.6803273216030628,
            0.29701806486589954,
            0.9018265200603182,
            0.6890062780783076,
            0.5760664743134677,
            0.10597472776751393,
            0.7902372936754785,
            0.7393120828690019
        ],
        [
            0.14376714312013783,
            0.403544106765622,
            0.34150493352312705,
            0.34459537779804517,
            0.0833020478054135,
            0.2456871079333861,
            0.022484105074043526,
            0.485398051551746,
            0.46327762651968163
        ],
        [
            0.6585698445893013,
            0.9677321286204794,
            0.5648775549504355,
            0.4969327788741682,
            0.910810351278716,
            0.8058460537574842,
            0.8134114412091388,
            0.5061682685074839
        ],
        [
            0.7617363873318082,
            0.3230575030030204,
            0.5073474474056345,
            0.35812303242741705,
            0.006369883030219459
        ]
    ]
}