{
    "indices": [
        3084,
        3295,
        3612,
        12667,
        12676,
        19108
    ],
    "values": [
        0.691714160417677,
        0.8664244477313726,
        0.6673348941412076,
        0.9773647100506507,
        0.010209773860447635,
        0.5993617664702987
    ]
}